City,Latitude,Longitude
Oakland,37.80467596,-122.2683662
San Leandro,37.71595596,-122.1182372
Hayward,37.65848196,-122.0983472
Union City,37.60376496,-122.0249931
Fremont,37.56180196,-121.9655031
Alameda,37.78146395,-122.2806942
Albany,37.89630396,-122.2918472
Berkeley,37.86845496,-122.2715622
Castro Valley,37.71331896,-122.0925052
Emeryville,37.83582396,-122.2821892
Livermore,37.67861702,-121.766634
Byron,37.78729001,-121.5777721
Newark,37.52080495,-122.0019131
Piedmont,37.82287096,-122.2337622
San Lorenzo,37.67446995,-122.1504672
Dublin,37.71870698,-121.8625551
Pleasanton,37.67320497,-121.9192131
Sunol,37.59389397,-121.8850481
Markleeville,38.76632622,-119.8088229
Bear Valley,38.46831918,-120.0387039
Sutter Creek,38.37758811,-120.808831
Jackson,38.35298311,-120.778305
Ione,38.3494051,-120.9308131
Pioneer,38.43240514,-120.570913
Plymouth,38.47960291,-120.8524129
Chico,39.70594515,-121.7891364
Oroville,39.50537915,-121.5534563
Bangor,39.39089415,-121.4079483
Biggs,39.41610413,-121.7060733
Richvale,39.49516513,-121.7490973
Forest Ranch,39.88467917,-121.6669304
Durham,39.64801514,-121.8039344
Gridley,39.33476813,-121.6585683
Palermo,39.43665015,-121.5467913
Paradise,39.76021599,-121.621175
Magalia,39.81287217,-121.6005194
Berry Creek,39.62534002,-121.375947
San Andreas,38.18898511,-120.691963
Angels Camp,38.08090211,-120.555237
Altaville,38.08003111,-120.552301
Mokelumne Hill,38.29910512,-120.698013
Valley Springs,38.1907051,-120.832913
West Point,38.39810514,-120.526113
Copperopolis,37.98219209,-120.641257
Arnold,38.26403914,-120.342712
Murphys,38.13309912,-120.454375
Avery,38.20351313,-120.364854
Williams,39.16037808,-122.1367963
Colusa,39.20021309,-122.0195273
Maxwell,39.28017508,-122.1932374
Arbuckle,39.01000507,-122.0555133
Grimes,39.06950509,-121.8968133
Alamo,37.85936398,-122.0199272
Antioch,38.002496,-121.8509342
Richmond,37.98853397,-122.3326042
Martinez,37.98823299,-122.0880592
San Pablo,37.99399997,-122.3204672
El Cerrito,37.92596597,-122.3133812
Walnut Creek,37.93036699,-122.0245532
Pittsburg,38.003837,-121.8743272
Concord,37.94970799,-121.9690592
Lafayette,37.90413698,-122.0975892
Moraga,37.86745697,-122.1264102
Orinda,37.84105097,-122.1456092
Oakley,38.00020501,-121.7405131
Brentwood,37.95500501,-121.7359131
Lodi,38.12854806,-121.3087471
Discovery Bay,37.90741401,-121.6191851
Canyon,37.82771297,-122.1634312
Crockett,38.05282998,-122.2217152
Rodeo,38.03115698,-122.2697572
Knightsen,37.96853002,-121.6600951
Pleasant Hill,37.93725798,-122.0666032
Bay Point,38.02039,-121.9379782
Clayton,37.94158599,-121.9395632
Pinole,37.99704897,-122.3036252
Hercules,37.99896397,-122.2515752
Kensington,37.91430297,-122.2787822
El Sobrante,37.97555797,-122.2916152
San Ramon,37.76440498,-121.8930131
Danville,37.79260499,-121.8816131
Crescent City,41.76779209,-124.20778
Klamath,41.55610509,-124.052814
Gasquet,41.84660512,-123.962614
Smith River,41.9273051,-124.152314
South Lake Tahoe,38.93514923,-119.972182
El Dorado,38.68081514,-120.8347011
El Dorado Hills,38.61752012,-121.0548611
Placerville,38.72166114,-120.8670671
Shingle Springs,38.66962513,-120.9112631
Cameron Park,38.65795412,-121.0046251
Camino,38.73287516,-120.6765821
Diamond Springs,38.69370514,-120.8219131
Somerset,38.58116215,-120.577542
Pollock Pines,38.76585716,-120.5884381
Rescue,38.69680513,-121.0228131
Kyburz,38.77279419,-120.311395
Georgetown,38.91229116,-120.8279581
Garden Valley,38.84966515,-120.8562971
Cool,38.87276114,-121.0220841
Fresno,36.78047604,-119.7884937
Hume,36.7873521,-118.9177246
Clovis,36.80723605,-119.7081797
Caruthers,36.55411902,-119.7961237
Big Creek,37.20391712,-119.2489757
Riverdale,36.492282,-119.9890987
Kingsburg,36.55464804,-119.5043986
Pinedale,36.84175505,-119.8166837
Coalinga,36.14580494,-120.3604127
Huron,36.20940497,-120.0987127
Fowler,36.63286404,-119.6677877
Orange Cove,36.62970506,-119.3087126
Reedley,36.60930505,-119.4478126
Dunlap,36.73555408,-119.1157596
Dinuba,36.58870505,-119.3766126
Parlier,36.60900505,-119.4834126
Laton,36.43440302,-119.6853876
Simi Valley,34.27588885,-118.7980103
Auberry,37.0612731,-119.3690137
Raisin City,36.60073702,-119.9066077
Sanger,36.71333905,-119.5819257
Del Rey,36.65667004,-119.5976717
Selma,36.56285801,-119.616563
Five Points,36.40034798,-120.1427447
Firebaugh,36.852601,-120.4466268
Kerman,36.72900502,-120.0434127
Mendota,36.766359,-120.3815758
Helm,36.53314,-120.0994667
Tranquillity,36.645773,-120.2542638
Cantua Creek,36.50199898,-120.3211298
San Joaquin,36.609641,-120.1866417
Tollhouse,37.03721609,-119.4550387
Prather,37.04180008,-119.5261447
Willows,39.5251361,-122.2093154
Orland,39.74794112,-122.1833614
Rancho Cordova,38.58730048,-121.2855911
Princeton,39.40103811,-122.0111134
Elk Creek,39.60686608,-122.5383945
Hamilton City,39.745837,-122.0167
Fortuna,40.58899202,-124.1418438
Eureka,40.80269203,-124.1520849
Arcata,40.86404902,-124.074954
Weott,40.32018402,-123.9242498
Manila,40.84552203,-124.1690349
McKinleyville,40.95522504,-124.1091309
Trinidad,41.15741306,-124.1311269
Blue Lake,40.88547505,-123.9914919
Bridgeville,40.47104704,-123.7964428
Carlotta,40.53781302,-124.0425548
Hydesville,40.54915602,-124.0931528
Bayside,40.84685504,-124.0678749
Hoopa,41.04894809,-123.6755788
Orleans,41.30168412,-123.5424829
Willow Creek,40.94950409,-123.6399108
Kneeland,40.72647705,-123.9442968
Loleta,40.64380702,-124.2182089
Korbel,40.76044505,-123.8701238
Orick,41.28705207,-124.0588149
Samoa,40.82204303,-124.1825229
Rio Dell,40.50171302,-124.1041738
Scotia,40.48172902,-124.1007958
Miranda,40.23692102,-123.8235277
Blocksburg,40.24148504,-123.6231647
Redway,40.11922501,-123.8248487
Whitethorn,40.019354,-123.9371637
Ferndale,40.58488901,-124.2599909
Petrolia,40.32170899,-124.2855618
Honeydew,40.242117,-124.1234758
El Centro,32.78092285,-115.5400546
Brawley,32.97094263,-115.5264574
Calexico,32.67665484,-115.4730916
Calipatria,33.12483789,-115.5249506
Niland,33.23747491,-115.5173657
Heber,32.73915885,-115.5320956
Holtville,32.81629886,-115.3861316
Imperial,32.83107086,-115.5520386
Winterhaven,32.74958489,-114.5982925
Seeley,32.79537485,-115.6918117
Westmorland,33.03592588,-115.6179967
Los Angeles,34.04839401,-118.256128
Long Beach,33.82337483,-118.1854032
Bishop,37.36030719,-118.4342615
Big Pine,37.16148318,-118.2886125
Shoshone,35.97907219,-116.27267
Lone Pine,36.60220714,-118.0606194
Independence,36.80293715,-118.1964024
Delano,35.78434498,-119.2121875
Arvin,35.21359495,-118.8347034
Lost Hills,35.61263893,-119.6847366
Bakersfield,35.37507699,-119.021504
Ridgecrest,35.61737506,-117.6885752
Woody,35.703712,-118.8372094
Buttonwillow,35.40048493,-119.4745335
Caliente,35.34570699,-118.3783903
Tupman,35.29821392,-119.3548545
Shafter,35.50882795,-119.2676135
Lamont,35.25838995,-118.9083364
Lake Isabella,35.60778301,-118.4649794
Kernville,35.75716303,-118.4177914
Glennville,35.72997901,-118.7042504
Maricopa,35.05416489,-119.4038265
Pine Mountain Club,34.85734989,-119.2096394
McKittrick,35.30982991,-119.6209145
Fellows,35.1722329,-119.5440455
California City,35.11080299,-117.9585172
Mojave,35.05129897,-118.1667083
Edwards,34.92708697,-117.9394432
Boron,35.00484499,-117.6552072
Wasco,35.71738897,-119.3126805
Rosamond,34.84995895,-118.1950553
Weldon,35.64684203,-118.2747393
Taft,35.1301049,-119.4590125
Tehachapi,35.13005596,-118.4384983
Inyokern,35.64560506,-117.8154123
McFarland,35.66637797,-119.2400525
Lebec,34.7997169,-118.8914784
Frazier Park,34.8225529,-118.9396144
Hanford,36.33202098,-119.665598
Armona,36.312164,-119.7098656
N.A.S. Lemoore,36.26376499,-119.8750627
Lemoore,36.24346799,-119.7802496
Stratford,36.19216398,-119.8211026
Corcoran,36.09652599,-119.5724816
Avenal,36.00882094,-120.1254587
Kettleman City,36.00800495,-119.9616127
Clearlake,38.93256102,-122.6247344
Lakeport,38.99415501,-122.8847044
Kelseyville,38.97595301,-122.8318434
Lower Lake,38.91463302,-122.6046684
Clearlake Oaks,39.02843303,-122.6668844
Lucerne,39.08392502,-122.7896724
Middletown,38.75153501,-122.6143944
Cobb,38.82984801,-122.7214964
Hidden Valley Lake,38.79525202,-122.5592304
Upper Lake,39.16506002,-122.9022935
Susanville,40.3757483,-120.5809503
Bieber,41.12171831,-121.1395765
Janesville,40.3030053,-120.5329032
Termo,40.83881134,-120.5131773
Litchfield,40.38227732,-120.3822702
Westwood,40.30395126,-121.0092403
Herlong,40.4211053,-120.6509453
Doyle,40.04570631,-120.1231991
Huntington Park,33.98429585,-118.1968572
Carson,33.84912483,-118.2510122
Van Nuys,34.18710686,-118.5069532
Gardena,33.88046083,-118.2899002
Sylmar,34.31611687,-118.4836293
Downey,33.93447699,-118.163373
City Of Commerce,34.01150886,-118.1695422
La Verne,34.15301389,-117.7432201
San Dimas,34.13509989,-117.7947211
Malibu,34.09153483,-118.8381823
Inglewood,33.93059984,-118.3353872
Pasadena,34.17061498,-118.161955
South Gate,33.95672499,-118.22984
Lynwood,33.91597784,-118.2024012
Reseda,34.20072486,-118.5305333
El Segundo,33.90739783,-118.3415202
Compton,33.89314184,-118.2154772
Pomona,34.05097088,-117.8195881
Hawthorne,33.89891883,-118.3326052
Altadena,34.19933588,-118.1612842
Cerritos,33.86500484,-118.0651121
Lakewood,33.84510484,-118.0731121
Hawaiian Gardens,33.82356184,-118.0667261
Artesia,33.87210485,-118.0703121
Palmdale,34.56300493,-118.0087122
Lancaster,34.68020493,-118.0702122
Quartz Hill,34.65880492,-118.2432122
Littlerock,34.57360493,-117.9371122
Arcadia,34.13004788,-118.0387812
Azusa,34.12550488,-117.8976121
Covina,34.10460488,-117.9135121
Baldwin Park,34.08390488,-117.9486121
Irwindale,34.07909787,-117.9940732
La Puente,34.05179487,-117.9771541
City Of Industry,34.05762687,-117.9841411
Bellflower,33.87690484,-118.1196122
Beverly Hills,34.06169685,-118.4121932
Burbank,34.1863681,-118.3320403
Castaic,34.51103988,-118.6280073
Lawndale,33.89603283,-118.3668452
Glendora,34.11190989,-117.8478551
Claremont,34.08359889,-117.7160921
West Covina,34.06207688,-117.8826721
Culver City,34.00660484,-118.4024122
Duarte,34.13883988,-117.9794812
Bradbury,34.14439188,-117.9521642
Whittier,33.93570486,-118.0283121
El Monte,34.09320487,-118.0089122
Temple City,34.09920487,-118.0328122
Rosemead,34.08480487,-118.0718122
South El Monte,34.03620487,-118.0440122
Pico Rivera,33.98840486,-118.0904122
San Gabriel,34.07760487,-118.0933122
Monterey Park,34.04710486,-118.1096122
La Crescenta,34.22315888,-118.2433752
Glendale,34.14913387,-118.2511852
Redlands,34.06824892,-117.217026
Gorman,34.7927369,-118.8541664
Hermosa Beach,33.87275483,-118.4025852
Lake Hughes,34.67201991,-118.4246293
Pearblossom,34.49822993,-117.9001362
La Canada,34.19306688,-118.1791442
Lancster,34.68275893,-118.1060422
Calabasas,34.14249785,-118.6133733
Agoura,34.16138784,-118.7556103
Westlake Village,34.14424583,-118.8136683
Agoura Hills,34.16695584,-118.7890133
Lennox,33.93511784,-118.3517982
Norwalk,33.92920485,-118.0852122
Santa Fe Springs,33.95340485,-118.0821122
Santa Catalina,33.33855677,-118.3322051
Signal Hill,33.79302083,-118.1695822
Lake Balboa,34.18726586,-118.5062072
San Pedro,33.76543882,-118.2986422
Chatsworth,34.24245986,-118.5924123
Lake View Terrace,34.28030387,-118.3816812
Canoga Park,34.20666385,-118.5980713
Wilmington,33.78291182,-118.2835852
Woodland Hills,34.17777885,-118.6153113
Venice,33.99652884,-118.4629892
Pacoima,34.24112687,-118.4159102
North Hollywood,34.19293586,-118.3984362
Panorama City,34.22101386,-118.4602312
Northridge,34.24541186,-118.5244363
West Hollywood,34.09356285,-118.3618832
Bell,33.97887385,-118.1980922
Maywood,33.99331985,-118.1841132
North Hills,34.23097286,-118.4613512
Arleta,34.25071487,-118.4425792
Encino,34.16173885,-118.4732122
Sherman Oaks,34.16143186,-118.4686962
Valley Glen,34.17678186,-118.4152372
West Hills,34.19970885,-118.6273633
Hollywood,34.09599186,-118.3139172
Walnut Park,33.96657485,-118.2298092
Cudahy,33.96837085,-118.1885342
San Fernando,34.29588787,-118.4213502
Winnetka,34.20334685,-118.5682823
Sun Valley,34.20404587,-118.3775792
Granada Hills,34.25987986,-118.5027923
Playa Vista,33.96869784,-118.4243952
Porter Ranch,34.29374386,-118.5820123
Harbor City,33.80372483,-118.3065882
"Van Nuys, CA",34.20567069,-118.4424476
Valley Village,34.17149286,-118.3951202
Tarzana,34.16739302,-118.542518
Tujunga,34.25993588,-118.3004962
Marina Del Rey,33.97915284,-118.4649272
Pacific Palisades,34.04787584,-118.5311172
Sunland,34.25581588,-118.3077332
Santa Monica,34.03174684,-118.5121942
Studio City,34.14108986,-118.3922792
Rancho Palos Verdes,33.74950482,-118.3124122
Lomita,33.78778282,-118.3142952
Torrance,33.83297283,-118.3013752
Playa Del Rey,33.95673183,-118.4337752
Mission Hills,34.26216787,-118.4577582
Topanga,34.09210484,-118.6039123
Los Nietos,33.96377485,-118.0755882
Monrovia,34.14196188,-117.9850902
Montebello,34.00480486,-118.1170122
Bell Gardens,33.97620485,-118.1536122
South San Gabriel,34.04520486,-118.0944122
Stevenson Ranch,34.38210487,-118.5790123
Newhall,34.37600488,-118.5138123
Valencia,34.40460487,-118.5921123
La Mirada,33.90780485,-118.0024121
Rolling Hills,33.75961982,-118.3612092
Rolling Hills Estates,33.77830482,-118.3733122
Palos Verdes Estates,33.78060482,-118.4196122
Paramount,33.88520484,-118.1723122
Sierra Madre,34.16457688,-118.0444812
Diamond Bar,34.02458488,-117.8011761
San Marino,34.12523887,-118.0988542
Canyon Country,34.42611188,-118.4758333
Saugus,34.42953088,-118.5323863
South Pasadena,34.10940487,-118.1534122
Santa Clarita,34.39230488,-118.4556123
Leona Valley,34.61501991,-118.2907842
Hacienda Heights,33.99910487,-117.9513121
Valinda,34.02980487,-117.9217121
Rowland Heights,33.98240487,-117.8843121
Walnut,33.99140487,-117.8719121
Walnut Valley,34.04950488,-117.8532121
Acton,34.49282891,-118.1956072
Costa Mesa,33.69021783,-117.8954001
Thousand Oaks,34.15577783,-118.8307633
Fontana,34.0635709,-117.4299171
Temecula,33.510025,-117.183499
Agua Dulce,34.4877609,-118.3324532
Manhattan Beach,33.87470483,-118.3894122
Redondo Beach,33.84775483,-118.3804502
Alhambra,34.09290487,-118.1288122
Highland Park,34.10778286,-118.1982622
Madera,36.95298004,-120.0371158
Chowchilla,37.04805202,-120.4727928
Wawona,37.54485512,-119.6480628
Oakhurst,37.3296541,-119.6461547
Ahwahnee,37.3743421,-119.7274868
Raymond,37.21140707,-119.9087608
North Fork,37.2272411,-119.5056397
O'neals,37.12510108,-119.7297607
Coarsegold,37.25554609,-119.7178507
San Rafael,38.02792995,-122.5668733
Fairfax,37.98972495,-122.5904043
Bolinas,37.91740794,-122.6929193
Kentfield,37.95184795,-122.5391623
Petaluma,38.19964296,-122.7157933
San Geronimo,38.01714095,-122.6753123
Corte Madera,37.92151495,-122.4989432
Larkspur,37.93897695,-122.5312593
Mill Valley,37.90792395,-122.5246273
Nicasio,38.06842695,-122.7037773
Novato,38.07587096,-122.5694603
Tiburon,37.90351795,-122.4963832
Ross,37.96140895,-122.5578233
Sausalito,37.87262495,-122.5138042
San Anselmo,37.98360495,-122.5729133
Tomales,38.24770195,-122.8952873
Inverness,38.09846594,-122.8558893
Point Reyes Station,38.07057794,-122.8030923
Bodega Bay,38.33440394,-123.0449314
Mariposa,37.4717601,-119.9032508
Catheys Valley,37.42374508,-120.1013208
Coulterville,37.74599011,-120.1305889
Yosemite,37.67274812,-119.8084328
El Portal,37.67274812,-119.8084328
La Grange,37.67254609,-120.3586949
Ukiah,39.16131899,-123.2224045
Boonville,39.01201497,-123.3750145
Point Arena,38.91263894,-123.6932175
Fort Bragg,39.42206196,-123.8120996
Manchester,38.96805994,-123.6878266
Mendocino,39.30819096,-123.8015406
Comptche,39.26537597,-123.5952546
Albion,39.21998196,-123.7155936
Covelo,39.79220204,-123.2562156
Hopland,38.96742499,-123.1189055
Redwood Valley,39.267005,-123.2187135
Willits,39.319381,-123.3087075
Potter Valley,39.32139601,-123.1049855
Laytonville,39.68970001,-123.4889966
Leggett,39.865156,-123.7167277
Merced,37.29454404,-120.5092969
Los Banos,37.06789799,-120.8614669
Atwater,37.34000404,-120.6177419
Livingston,37.38606504,-120.6858129
Ballico,37.45463904,-120.7001939
Cressey,37.42156204,-120.6668849
El Nido,37.13441703,-120.4887799
Hilmar,37.39711935,-120.8547726
Stevinson,37.32822302,-120.8568799
Le Grand,37.22787105,-120.2519118
Planada,37.28900705,-120.3156138
Snelling,37.52236906,-120.4342779
Winton,37.38883904,-120.6053129
Gustine,37.261006,-121.0008509
Santa Nella,37.09711798,-121.0203789
South Dos Palos,36.962108,-120.6538649
Dos Palos,36.985815,-120.6226599
Delhi,37.42063603,-120.7858829
Cedarville,41.52730243,-120.1789044
Alturas,41.49126339,-120.5397644
Tulelake,41.94987235,-121.4759536
San Diego,32.75536776,-117.2034539
Mammoth Lakes,37.63903218,-118.9636457
Coleville,38.56831023,-119.5089989
Lee Vining,37.9612372,-119.1214417
Benton,37.81654923,-118.4771396
Bridgeport,38.25450222,-119.2284978
Pacific Grove,36.60542488,-121.93018
Salinas,36.6534149,-121.639773
Monterey,36.60121488,-121.866894
Bradley,35.86282489,-120.8052768
Carmel,36.52776288,-121.828822
Big Sur,36.27520186,-121.813789
Carmel Valley,36.48300488,-121.734513
Chualar,36.57208891,-121.516073
Greenfield,36.3186929,-121.2562499
King City,36.2100129,-121.1262439
Soledad,36.3902059,-121.3647599
Marina,36.67540489,-121.801613
Seaside,36.62599089,-121.833502
Lockwood,35.94356288,-121.0827168
San Ardo,36.01913289,-120.9047858
San Lucas,36.1296199,-121.0168808
Spreckels,36.6258579,-121.644314
Castroville,36.77800491,-121.734513
Gonzales,36.5114709,-121.4414639
Napa,38.30278227,-122.2877506
Calistoga,38.583182,-122.5782673
Angwin,38.58314001,-122.4497083
American Canyon,38.16798299,-122.2434902
Pope Valley,38.62315101,-122.4389823
St. Helena,38.50366469,-122.4713633
Grass Valley,39.23289917,-121.0420472
Nevada City,39.25282616,-121.1345072
Penn Valley,39.19504216,-121.1812002
Santa Ana,33.76318584,-117.9024791
Fountain Valley,33.7322696,-117.9197583
Lake Forest,33.62878484,-117.7004931
Orange,33.78830485,-117.8735821
Laguna Niguel,33.53669483,-117.6963021
Anaheim,33.83537885,-117.9132871
Newport Beach,33.66359683,-117.8713471
Huntington Beach,33.71332283,-117.9955211
Irvine,33.69511584,-117.7785921
San Juan Capistrano,33.50281702,-117.645688
Yorba Linda,33.88246799,-117.735714
Tustin,33.72005484,-117.8039231
La Habra,33.93340486,-117.9657121
Cypress,33.82020484,-118.0292121
La Palma,33.84100484,-118.0377121
Buena Park,33.84810485,-118.0127121
Brea,33.91709786,-117.8889161
Aliso Viejo,33.56130483,-117.7354121
San Clemente,33.46820483,-117.598312
Ladera Ranch,33.55360483,-117.637212
Rancho Santa Margarita,33.62340484,-117.6153121
Mission Viejo,33.56960483,-117.6550121
Rancho Mission Viejo,33.53529183,-117.597108
Las Flores,33.58190484,-117.612512
Dana Point,33.47790482,-117.7004121
Capistrano Beach,33.46120482,-117.667312
Coto De Caza,33.58070484,-117.592112
Fullerton,33.88470485,-117.9618121
Garden Grove,33.78767684,-117.9748171
Westminster,33.73678284,-117.9481591
Laguna Beach,33.54179182,-117.7760831
Stanton,33.81180484,-117.9858121
Corona Del Mar,33.61001983,-117.8607611
Villa Park,33.81650485,-117.8170121
Placentia,33.85950485,-117.8734121
Midway City,33.73900484,-117.9858121
Laguna Hills,33.59316783,-117.7036501
Trabuco Canyon,33.65877785,-117.5898671
Foothill Ranch,33.68221685,-117.6615151
Los Alamitos,33.81201384,-118.0706501
Seal Beach,33.74430483,-118.0947121
Granite Bay,38.75184912,-121.2044222
Auburn,38.90653714,-121.0812532
Alta,39.20757119,-120.8079501
Colfax,39.10463316,-120.9626462
Antelope,38.7081591,-121.3506342
Roseville,38.73848511,-121.3334832
Foresthill,39.02095501,-120.811278
Loomis,38.78890512,-121.1724132
Newcastle,38.89650514,-121.1259132
Penryn,38.85490513,-121.1756132
Olympic Valley,39.19894623,-120.2399941
Rocklin,38.80389511,-121.2986232
Weimar,39.04538416,-120.9785312
Meadow Vista,38.99046615,-121.0257822
Truckee,39.34518725,-120.1774781
Tahoe City,39.19513524,-120.120494
Kingvale,39.31617722,-120.4556701
Kings Beach,39.24035425,-120.028732
Lincoln,38.84750512,-121.2706132
Sheridan,38.98350512,-121.3737132
Quincy,39.93625624,-120.9438323
Portola,39.80123026,-120.4666252
Chester,40.30233924,-121.2301814
Greenville,40.14113325,-120.9448573
Moreno Valley,33.9214049,-117.22582
Coachella,33.67932493,-116.2063818
Riverside,33.9789049,-117.380512
Corona,33.89039488,-117.5646621
Lake Elsinore,33.61946486,-117.310412
Banning,33.93214592,-116.8704579
Cabazon,33.90990492,-116.7801119
Beaumont,33.93317791,-116.953927
Calimesa,33.96723991,-117.041554
Eastvale,33.95195088,-117.5879461
Norco,33.91729388,-117.5644541
Jurupa Valley,33.96594589,-117.5423501
Desert Center,33.85004099,-115.4738227
Indio,33.70467093,-116.2328208
La Quinta,33.67890392,-116.3060718
Palm Desert,33.75910093,-116.3151318
Bermuda Dunes,33.74256993,-116.2984948
Indian Wells,33.72794293,-116.3115168
Hemet,33.72135389,-116.9771879
Anza,33.57070489,-116.6606119
Aguanga,33.48070486,-116.9097119
Idyllwild,33.73810491,-116.7204119
Winchester,33.70300588,-117.085858
Menifee,33.69744488,-117.153264
Murrieta,33.62910487,-117.161412
Quail Valley,33.69835487,-117.245232
Sun City,33.69910487,-117.215312
Nuevo,33.82925089,-117.12882
Cathedral City,33.85285093,-116.4810999
Desert Hot Springs,33.95722894,-116.4914119
Rancho Mirage,33.82142893,-116.4339659
Palm Springs,33.81623192,-116.5225009
Thousand Palms,33.82097393,-116.3976339
Blythe,33.61790901,-114.6063855
Perris,33.76042988,-117.234882
Romoland,33.72409488,-117.148044
San Jacinto,33.7786049,-116.9421119
Thermal,33.57186292,-116.1613378
Salton City,33.30100489,-115.9563117
Mecca,33.57560492,-116.0753118
Wildomar,33.60600486,-117.242012
"Temecula, Ca",33.508544,-117.099305
"Winchester, Ca",33.60670187,-117.084589
Sacramento,38.60282409,-121.4187372
Mather,38.56622509,-121.2984341
Orangevale,38.70683311,-121.2259772
Herald,38.29528507,-121.2421001
Elk Grove,38.41576408,-121.3433781
Sloughhouse,38.4935071,-121.1571071
Wilton,38.40453008,-121.2496591
Elverta,38.71194009,-121.4631182
Folsom,38.65272911,-121.1590991
Galt,38.28430507,-121.2865131
Courtland,38.32973105,-121.5684372
Clarksburg,38.41695206,-121.5281732
Rio Vista,38.15183903,-121.6946002
Isleton,38.16160804,-121.6086961
Walnut Grove,38.24021305,-121.5123531
Carmichael,38.6340441,-121.3402892
Fair Oaks,38.6454441,-121.2639391
Citrus Heights,38.70207411,-121.2977622
Gold River,38.62583151,-121.2294043
McClellan,38.6699881,-121.3852862
Rio Linda,38.68988909,-121.4511202
North Highlands,38.7005761,-121.3702092
Hollister,36.85460694,-121.396913
Paicines,36.51061493,-121.0781619
Tres Pinos,36.80109694,-121.3358569
San Juan Bautista,36.88036999,-121.555966
Aromas,36.89068192,-121.6443
San Bernardino,34.11052992,-117.293787
Chino,34.01639088,-117.7159431
Ranch Cucamonga,34.090587,-117.594743
Victorville,34.47326996,-117.2666871
Adelanto,34.51190195,-117.4174671
Alta Loma,34.1258049,-117.5974121
Barstow,34.88397064,-117.0121824
Lenwood,34.87590501,-117.1082121
Big Bear City,34.25600496,-116.825712
Big Bear Lake,34.24321395,-116.901396
Forest Falls,34.08787393,-116.918876
Rancho Cucamonga,34.1091049,-117.5929121
Ontario,34.0876049,-117.6138121
Etiwanda,34.13010991,-117.5103411
Montclair,34.07300489,-117.7012121
Chino Hills,33.95860488,-117.7116121
Grand Terrace,34.0201179,-117.329302
Colton,34.07150491,-117.310912
Bloomington,34.0580049,-117.4151121
Helendale,34.73451798,-117.3583351
Rialto,34.12277191,-117.367105
Yucca Valley,34.12730097,-116.3712039
Twentynine Palms,34.14291799,-116.0748658
Joshua Tree,34.16308178,-116.3084768
Morongo Valley,34.05330595,-116.5845339
Landers,34.26644698,-116.4317479
Mt. Baldy,34.23125291,-117.6625311
Havasu Lake,34.50873513,-114.4082396
Needles,34.83992416,-114.6051746
Big River,34.14397908,-114.3903655
Oro Grande,34.59842697,-117.3323621
Hesperia,34.42809495,-117.3497121
Phelan,34.42678894,-117.5655511
Highland,34.11110492,-117.183712
Mentone,34.07110492,-117.120912
Loma Linda,34.04180491,-117.229612
Lake Arrowhead,34.23298793,-117.208685
Running Springs,34.20151894,-117.093079
Crestline,34.24811793,-117.305694
Trona,35.7705651,-117.3699552
Yucaipa,34.02960492,-117.060912
Baker,35.27550012,-116.0729589
Fort Irwin,35.25338008,-116.693909
Yermo,34.89730503,-116.888612
Daggett,34.86080502,-116.890312
Newberry Springs,34.86650504,-116.662112
Wrightwood,34.36130493,-117.6364121
Pinon Hills,34.45030493,-117.6443121
Oak Hills,34.38900494,-117.3841121
Lucerne Valley,34.41026497,-116.907614
Upland,34.09576689,-117.6800611
Apple Valley,34.48730497,-117.163412
Escondido,33.08725282,-116.9479909
Chula Vista,32.63454075,-117.0879829
Oceanside,33.18085181,-117.291468
Vista,33.17249281,-117.2207009
La Mesa,32.77577477,-117.0140019
San Marcos,33.14219781,-117.1652079
Imperial Beach,32.58685002,-117.126223
El Cajon,32.78725278,-116.9526229
Alpine,32.82446979,-116.7743388
National City,32.68968476,-117.0855519
Borrego Springs,33.26456887,-116.3827458
Cardiff-by-the-Sea,33.03115579,-117.2746739
Bonita,32.65652276,-117.0334109
Coronado,32.69209076,-117.1782909
Poway,32.93995779,-117.0301479
Del Mar,32.94490478,-117.2497119
Encinitas,33.05730479,-117.296412
Carlsbad,33.0802048,-117.2435119
Fallbrook,33.38010283,-117.255151
Santee,32.84785678,-117.0157559
Spring Valley,32.73012677,-116.9251639
Lakeside,32.86774879,-116.9167379
Jamul,32.72936278,-116.8531599
Julian,33.07879483,-116.5948768
Lemon Grove,32.74160677,-117.0289859
Pine Valley,32.73424201,-116.492194
Campo,32.64278779,-116.4867598
Descanso,32.85894681,-116.6135848
Boulevard,32.6674808,-116.2958308
Potrero,32.61035978,-116.6126938
Ramona,33.03915081,-116.8635319
Rancho Santa Fe,33.0212118,-117.2070879
La Jolla,32.88298878,-117.2222609
Solana Beach,32.99420479,-117.2631119
San Ysidro,32.54810475,-117.0415119
Santa Ysabel,33.09671083,-116.6452968
Rainbow,33.41351584,-117.149241
Valley Center,33.27777684,-116.9542739
Warner Springs,33.27433685,-116.6431169
Pauma Valley,33.31570484,-117.0007119
Bonsall,33.29735983,-117.175053
Pala,33.36578484,-117.0734289
San Francisco,37.74592894,-122.4525162
Stockton,37.90919604,-121.2324931
Escalon,37.79903705,-120.993546
Farmington,37.93030506,-121.004213
Tracy,37.70057101,-121.4422841
Linden,38.01997906,-121.088432
Lockeford,38.16102907,-121.1489001
Victor,38.14260806,-121.2050061
Acampo,38.17419306,-121.2613511
Manteca,37.77060503,-121.207913
Lathrop,37.80130503,-121.3063131
French Camp,37.88590504,-121.2695131
Thornton,38.22908906,-121.4242101
Ripon,37.75910504,-121.131413
Mountain House,37.77192601,-121.5405281
San Luis Obispo,35.32419684,-120.7295897
Paso Robles,35.61621787,-120.6629587
Atascadero,35.45803986,-120.6391447
Santa Margarita,35.35440489,-120.0399126
Creston,35.51832887,-120.5228367
Cayucos,35.45219584,-120.9048147
Nipomo,35.01530482,-120.5153126
Arroyo Grande,35.06457482,-120.5937417
Pismo Beach,35.14470483,-120.6383127
Grover Beach,35.11840483,-120.6182127
Oceano,35.10290482,-120.6119127
San Miguel,35.71104288,-120.6132587
Morro Bay,35.38224084,-120.8598277
Los Osos,35.32716583,-120.8325037
Shandon,35.65509589,-120.3777177
Templeton,35.54448786,-120.7114627
Cambria,35.56892284,-121.0727278
San Mateo,37.51280293,-122.3334642
Redwood City,37.47279093,-122.2864042
East Palo Alto,37.46478,-122.13806
Daly City,37.70535394,-122.4142112
Belmont,37.52414993,-122.2825502
Brisbane,37.68034694,-122.3993422
Burlingame,37.57703593,-122.3811592
Half Moon Bay,37.46357792,-122.4358582
Montara,37.54401392,-122.5081442
Woodside,37.42028992,-122.3240442
Hillsborough,37.56794493,-122.3627862
Colma,37.69540493,-122.4826132
Pacifica,37.63870493,-122.4872132
Pescadero,37.2476139,-122.3645952
La Honda,37.32429492,-122.2784111
Menlo Park,37.42741193,-122.2017081
Atherton,37.43799293,-122.2123932
Millbrae,37.60500493,-122.4058132
San Bruno,37.61220493,-122.4004132
Portola Valley,37.36810593,-122.2115891
San Carlos,37.50044993,-122.2607702
Foster City,37.56609102,-122.273643
South San Francisco,37.64997593,-122.4359412
Santa Barbara,34.45219381,-119.7698575
Solvang,34.63942981,-120.1142725
Santa Maria,34.86593081,-120.4169456
Lompoc,34.63788879,-120.4384926
Buellton,34.6182888,-120.1990396
Carpinteria,34.40340182,-119.5151764
Summerland,34.42160482,-119.5975124
Santa Ynez,34.61651281,-120.0832405
Goleta,34.4305048,-119.8963125
Guadalupe,34.97013182,-120.5670246
Vandenberg Air Force Base,34.7476038,-120.5071406
Los Olivos,34.66503281,-120.1108435
Orcutt,34.86220481,-120.4409126
Los Alamos,34.73940481,-120.2793126
Gaviota,34.50819279,-120.2296616
New Cuyama,34.94338098,-119.673781
Los Altos,37.39619493,-122.1148531
San Jose,37.30296994,-121.9726221
Morgan Hill,37.11916205,-121.6466655
Campbell,37.26440493,-121.9647131
Saratoga,37.26260493,-121.9969131
Los Gatos,37.26550493,-121.9868131
Cupertino,37.32880493,-122.0272131
Sunnyvale,37.34720494,-122.0365131
Santa Clara,37.32900494,-121.9891131
Gilroy,37.00040494,-121.593913
Los Altos Hills,37.38129793,-122.1300741
Mountain View,37.37168493,-122.0951181
San Martin,37.08885594,-121.609549
Palo Alto,37.40056193,-122.1340621
Stanford,37.42061993,-122.1558441
Alviso,37.42450495,-121.9667131
Milpitas,37.40586495,-121.8984631
Freedom,36.93832692,-121.771649
Santa Cruz,36.98796691,-122.0390131
Soquel,37.02593491,-121.9494991
Davenport,37.0117759,-122.1946081
Watsonville,36.91130892,-121.760911
Aptos,36.97734092,-121.861996
La Selva Beach,36.92640891,-121.846645
Boulder Creek,37.16839191,-122.1347741
Ben Lomond,37.08467691,-122.0748121
Felton,37.06195291,-122.0809341
Capitola,36.97884991,-121.9472251
Scotts Valley,37.04265491,-122.0277821
Palo Cedro,40.56124618,-122.2417946
Anderson,40.44977916,-122.2923565
Redding,40.62866117,-122.3983016
Cottonwood,40.39642915,-122.4049056
Bella Vista,40.63860118,-122.2327386
Shingletown,40.5137302,-121.9371035
Castella,41.14303321,-122.3165737
Burney,40.879916,-121.671703
McArthur,41.05142628,-121.4022425
Fall River Mills,41.00658828,-121.4404245
French Gulch,40.70840915,-122.6351356
Igo,40.50336315,-122.5405456
Millville,40.55182018,-122.1694505
Oak Run,40.6848492,-122.0237955
Shasta,40.59088916,-122.4882156
Whitmore,40.62873021,-121.9106495
Montgomery Creek,40.84351022,-121.9207665
Shasta Lake,40.67384317,-122.3630166
Loyalton,39.67952527,-120.2453341
Downieville,39.56158321,-120.8273632
Mount Shasta,41.29702699,-122.323881
Yreka,41.72875223,-122.6376538
Montague,41.62462424,-122.4057037
Weed,41.45733223,-122.4314937
Dunsmuir,41.22706722,-122.2737567
Gazelle,41.52036422,-122.5237687
Grenada,41.64539023,-122.5253338
Happy Camp,41.79474817,-123.3733909
Hornbrook,41.91130125,-122.5614148
Somes Bar,41.39213513,-123.4962139
Horse Creek,41.8222652,-122.9688959
Mccloud,41.25435624,-122.1310266
Seiad Valley,41.84210818,-123.1931289
Dorris,41.96374431,-121.9241467
Etna,41.46045119,-122.9007658
Fort Jones,41.6044472,-122.8461508
Vallejo,38.14747399,-122.2450812
Fairfield,38.25205201,-122.0640222
Benicia,38.05017399,-122.1516852
Dixon,38.44876504,-121.8321432
Suisun,38.24154501,-122.0137432
Suisun City,38.23998101,-122.0328212
Travis AFB,38.27060502,-121.9566132
Vacaville,38.33280503,-121.9512132
Santa Rosa,38.51225697,-122.7981404
Healdsburg,38.65572699,-122.7934754
Sebastopol,38.48128997,-122.8887204
Forestville,38.48128997,-122.8887204
Cloverdale,38.80767898,-123.0209094
Cazadero,38.55666394,-123.2647814
Geyserville,38.72026898,-122.8905944
Guerneville,38.51139096,-122.9968034
Occidental,38.38942696,-122.9306944
Rohnert Park,38.35451597,-122.7103293
Annapolis,38.71800995,-123.3670885
Kenwood,38.41557699,-122.5537553
Monte Rio,38.47162096,-123.0151234
Penngrove,38.30075897,-122.6679723
Stewarts Point,38.65685394,-123.3420575
Glen Ellen,38.38705602,-122.52608
Sonoma,38.280099,-122.459
Cotati,38.33001197,-122.7258513
Windsor,38.54124598,-122.8198284
Modesto,37.68502004,-121.011408
Empire,37.64018404,-120.897677
Ceres,37.59021401,-120.93923
Turlock,37.48237103,-120.931815
Denair,37.52659104,-120.8004079
Hickman,37.62064505,-120.7487549
Keyes,37.55282103,-120.909413
Hughson,37.55998903,-120.902642
Knights Ferry,37.82074307,-120.672967
Patterson,37.47070501,-121.152213
Vernalis,37.61035401,-121.287943
Westley,37.54480501,-121.198713
Waterford,37.63790806,-120.6191989
Salida,37.70420003,-121.087235
Riverbank,37.72230505,-120.946413
Valley Home,37.83002406,-120.915635
Newman,37.31961201,-121.02932
Crows Landing,37.39207901,-121.076851
Oakdale,37.73902605,-120.9068
Yuba City,39.13820511,-121.6530133
Sutter,39.16194811,-121.7470913
Rio Oso,38.94692811,-121.5238722
Nicolaus,38.91176211,-121.5268132
Live Oak,39.27629212,-121.6551663
East Nicolaus,38.9108531,-121.5414492
Meridian,39.14192009,-121.9099753
Pleasant Grove,38.8233891,-121.5040992
Robbins,38.87145709,-121.7017502
Red Bluff,40.17084115,-122.2538415
Paynes Creek,40.33205419,-121.9123735
Corning,39.93618413,-122.1931365
Flournoy,39.92144911,-122.4476465
Gerber,40.06958015,-122.1804345
Los Molinos,40.10707915,-122.1077225
Vina,39.93482914,-122.0531874
Weaverville,40.73708696,-122.9492298
Burnt Ranch,40.80895409,-123.4797328
Trinity Center,41.08568418,-122.7118737
Douglas City,40.65280513,-122.9439137
Junction City,40.73329312,-123.0594567
Lewiston,40.69994714,-122.8132607
Mad River,40.45601606,-123.5287327
Zenia,40.18828005,-123.4680527
Hayfork,40.5533491,-123.1861797
Visalia,36.32407303,-119.3175596
Allensworth,35.85470098,-119.3911225
Alpaugh,37.74551504,-121.134764
Porterville,36.05835303,-118.9661215
Tulare,36.18256101,-119.4387936
Cutler,36.50170505,-119.2886126
Orosi,36.54830505,-119.2873126
Ducor,35.891109,-119.0412675
Earlimart,35.88350999,-119.2809755
California Hot Springs,35.87121702,-118.7028264
Lindsay,36.21815903,-119.0950315
Sultana,36.54440405,-119.3351736
Pixley,35.972033,-119.2824925
Richgrove,35.80035899,-119.1062385
Terra Bella,35.978506,-119.1784725
Lemon Cove,36.37575805,-119.0371035
Springville,36.13017904,-118.8227725
Strathmore,36.14967703,-119.0578755
Three Rivers,36.44248407,-118.9029175
Tipton,36.061884,-119.3097805
Traver,36.45771303,-119.4817996
Ivanhoe,36.39252504,-119.2145576
Farmersville,36.30750503,-119.2018126
Woodlake,36.44682205,-119.1250476
Exeter,36.29709612,-119.1298713
Sonora,37.96996711,-120.3659889
Columbia,38.03138611,-120.4070549
Chinese Camp,37.8676871,-120.4367869
Jamestown,37.95495611,-120.4176309
Soulsbyville,37.98989512,-120.2655169
Tuolumne,37.95676012,-120.2358319
Long Barn,38.09152914,-120.1379969
Twain Harte,38.08812413,-120.1966829
Pinecrest,38.18394716,-120.0053869
Groveland,37.86333211,-120.2271519
Oxnard,34.19880482,-119.1789434
Ventura,34.30118782,-119.2913714
Camarillo,34.20761683,-119.0759173
Santa Paula,34.32802384,-119.1049984
Fillmore,34.40760486,-118.9258123
Piru,34.41570486,-118.7988123
Port Hueneme,34.15100481,-119.1965124
Somis,34.26241383,-119.0945904
Ojai,34.45483601,-119.205049
Oak View,34.39047083,-119.3048514
Newbury Park,34.18240483,-118.9322123
Oak Park,34.18030484,-118.7651123
Moorpark,34.29434585,-118.8439223
Woodland,38.68444907,-121.7956452
West Sacramento,38.55449507,-121.5624082
Davis,38.56370506,-121.7018132
Esparto,38.69143805,-122.0247443
Madison,38.67935405,-121.9714613
Winters,38.52131804,-121.9778682
Knights Landing,38.79830508,-121.7205132
Yolo,38.73180507,-121.8083132
Marysville,39.14568012,-121.5977713
Oregon House,39.36345216,-121.2453152
Camptonville,39.45301519,-121.0483772
Olivehurst,39.08318412,-121.5361692
Dobbins,39.37300317,-121.2092502
Challenge,39.48282618,-121.2214232
Browns Valley,39.23610414,-121.4077032
Plumas Lake,39.01117611,-121.5529612
Wheatland,39.00884512,-121.4355322
Beale AFB,39.10230014,-121.3344692
